{"cameraMode":{"drawMode":0,"name":"Shaded","section":"Shading Mode"},"sceneLighting":true,"audioPlay":false,"sceneViewState":{"m_AlwaysRefresh":false,"showFog":true,"showSkybox":true,"showFlares":true,"showImageEffects":true,"showParticleSystems":true,"showVisualEffectGraphs":true,"m_FxEnabled":true},"in2DMode":false,"pivot":{"x":35.12514877319336,"y":0.05835060030221939,"z":19.07356834411621},"rotation":{"x":0.2334330528974533,"y":0.5651409029960632,"z":-0.17074477672576905,"w":0.7726679444313049},"size":22.069604873657228,"orthographic":true}