{"cameraMode":{"drawMode":0,"name":"Shaded","section":"Shading Mode"},"sceneLighting":true,"audioPlay":false,"sceneViewState":{"m_AlwaysRefresh":false,"showFog":true,"showSkybox":true,"showFlares":true,"showImageEffects":true,"showParticleSystems":true,"showVisualEffectGraphs":true,"m_FxEnabled":true},"in2DMode":false,"pivot":{"x":34.12287521362305,"y":1.3468981981277466,"z":18.59153938293457},"rotation":{"x":0.24342501163482667,"y":0.47004687786102297,"z":-0.13662779331207276,"w":0.8373634815216065},"size":3.112046241760254,"orthographic":true}